job_title,n_prev,med_prev,pay_prev,n_curr,med_curr,pay_curr,n_delta,med_pct,pay_pct
Temporary Professional Non-Admin,25,17400.0,694274.4,20,20631.5,613151.0,-5,0.18571839080459762,-0.11684630745422853
Security Officer Senior,20,39478.5,790464.0,24,44554.0,1055691.0,4,0.128563648568208,0.33553330701967443
Post-Doctoral Fellow,26,57090.0,1564349.0,30,61942.0,1894118.0,4,0.08498861446838335,0.21080270451158922
Medical Lab Technician/UKHC,71,44886.0,3394009.0,70,48266.5,3393605.0,-1,0.0753130151940471,-0.00011903327304085831
I/R/F Internal Medicine PGY1/UKHC,30,60779.0,1823370.0,26,64822.0,1685372.0,-4,0.06651968607578285,-0.07568293873432164
Nurse Division Charge/UKHC,26,72627.0,1816394.0,24,77114.0,1743942.0,-2,0.061781431148195676,-0.03988782169507277
Surgical Technologist/UKHC,54,52998.0,2983261.0,56,56187.0,3295523.0,2,0.06017208196535728,0.10467136465766824
Post-Doctoral Scholar,212,56484.0,11999936.0,243,59592.0,14276850.0,31,0.055024431697471954,0.18974384530050825
Clinical Faculty,1041,267400.0,303855684.99,1090,279500.0,333965573.59,49,0.045250560957367236,0.0990927275261968
Staff Support Associate II/UKHC,30,43015.5,1275785.0,29,44949.0,1266794.0,-1,0.044948913763643406,-0.007047425702606636
Customer Access Assistant/UKHC,24,36639.5,880408.0,32,38126.0,1212671.0,8,0.040570968490290626,0.37739661611434694
I/R/F Internal Medicine PGY2/UKHC,27,63059.0,1702593.0,28,65581.0,1836268.0,1,0.039994291060752696,0.0785125981370769
Student Affairs Officer III,29,60222.0,1783100.0,26,62364.0,1640010.0,-3,0.03556839693135405,-0.08024788290056639
Patient Clerical Assistant/UKHC,182,36804.0,6506400.0,155,38095.0,5703591.0,-27,0.035077708944679875,-0.1233875876060494
APP CC Pulmonary Inpatient/UKHC,24,124061.5,2987905.0,26,128299.0,3374845.0,2,0.03415644660108086,0.12950210933747885
Amb/Retail Pharmacist/UKHC,56,129864.5,7346253.0,57,134222.0,7635298.0,1,0.03355420457476832,0.03934590872380794
Radiology MRI Tech/UKHC,28,77040.0,2220371.0,28,79590.0,2269486.0,0,0.033099688473520184,0.022120177213627912
IS Technical Support Specialist II,20,49587.0,996922.0,22,51137.0,1122472.0,2,0.031258192671466345,0.12593763604374253
Post-Retirement Faculty,42,30869.0,2544484.75,53,31738.0,2986481.0,11,0.028151219670219385,0.17370756495986073
Community Health Worker,21,35797.0,777157.0,23,36754.0,877451.0,2,0.026734083861776226,0.12905243084730622
Nursing Assistant/UKHC,139,29952.0,4389767.0,122,30720.0,3921116.0,-17,0.02564102564102555,-0.10675988042189943
Patient Care Manager Assistant/UKHC,28,80891.0,2398968.0,30,82846.0,2598191.0,2,0.0241683252772249,0.08304529280924133
Mental Health Associate/UKHC,42,32329.0,1459468.0,39,33097.0,1364251.0,-3,0.02375576108138211,-0.06524089599771976
Clinical Research Coordinator I,27,55702.0,1532772.0,34,57012.5,1968716.0,7,0.023526982873146363,0.284415425125198
Cardiopulmonary Technician/UKHC,91,34407.0,3285096.0,81,35175.0,2955283.0,-10,0.022321039323393466,-0.10039676161670774
Ophthalmic Assistant/UKHC,27,35922.0,994727.0,37,36691.0,1327146.0,10,0.021407494014809902,0.33418113713611874
Security Officer,48,36400.0,1774054.0,50,37149.0,1871278.0,2,0.020576923076923048,0.054803292346230714
Academic Advisor III,20,65351.0,1354995.0,22,66662.0,1510658.0,2,0.020060901898976358,0.11488086671906528
Health Education Coordinator/UKHC,60,57255.0,3489524.0,53,58402.0,3146002.0,-7,0.02003318487468353,-0.09844379921158297
I/R/F Internal Medicine PGY3/UKHC,24,65270.0,1566480.0,28,66575.0,1864100.0,4,0.01999387161023436,0.18999285021194012
ED Access Associate/UKHC,25,38413.0,905052.0,21,39181.0,779107.0,-4,0.01999323145810017,-0.13915775005193076
Pharmacy Senior Technician II/UKHC,96,58741.5,5471742.0,97,59904.0,5660935.0,1,0.019790097290671937,0.034576374397769394
Program Manager Senior,22,78701.5,1702733.0,23,80227.0,1801066.0,1,0.0193833662636671,0.05775009939902498
Librarian,57,80039.0,4796375.0,55,81545.0,4713119.0,-2,0.01881582728419895,-0.01735810898855905
Patient Relations Assistant/UKHC,186,37741.5,7105484.0,157,38438.0,6067548.0,-29,0.018454486440655504,-0.14607534124346777
Department Academic Administration Assoc,30,46924.5,1411616.0,30,47788.0,1452901.0,0,0.018401900925955506,0.029246622310883374
Laboratory Technician Senior,65,39187.0,2588936.0,50,39904.5,2020386.0,-15,0.018309643504223372,-0.21960759169017696
Family Mentor,20,40989.0,807010.0,24,41730.0,973016.0,4,0.01807802093244537,0.205705009851179
Patient Access Services Rep/UKHC,169,44304.0,7429880.0,190,45074.0,8320586.0,21,0.01737992054893467,0.11988161316198909
Program Coordinator II,95,59904.0,5725413.0,91,60900.0,5548522.0,-4,0.016626602564102644,-0.03089576245416703
Clin Documentation Spec/UKHC,33,82985.0,2777135.0,38,84361.5,3284521.0,5,0.01658733506055321,0.18270123706625707
Patient Financial Services Rep/UKHC,189,47112.0,8929557.0,179,47882.0,8530141.0,-10,0.016344031244693413,-0.04472965456181088
Nurse Researcher Assessor/Auditor,62,75181.5,4670515.0,59,76378.0,4520570.0,-3,0.015914819470215447,-0.032104596602301916
Facilities Maintenance Technician,58,50638.0,2936526.0,59,51438.0,3032678.0,1,0.015798412259568018,0.0327434526375725
Laboratory Scientist/UKHC,30,53622.0,1731326.0,30,54434.0,1748911.0,0,0.015143038305173162,0.010156954842704291
Patient Services Coordinator Senior/UKHC,49,53560.0,2591466.0,49,54371.0,2657159.0,0,0.015141896938013488,0.025349744121667017
Laboratory Scientist/Certified/UKHC,47,71510.0,3240883.0,45,72592.0,3183262.0,-2,0.01513075094392402,-0.01777941382024595
LPN/Ambulatory/UKHC,67,53726.0,3349933.0,67,54538.0,3427097.0,0,0.015113725198228067,0.023034490540557062
Grant Specialist,44,57920.0,2577147.0,40,58789.5,2371122.0,-4,0.015012085635359051,-0.07994305330662166
Staff Development Specialist/UKHC,23,90542.0,2106317.0,24,91901.0,2229807.0,1,0.01500960880033575,0.0586284020876251
Occupational Therapist/Shift-Based/UKHC,38,88704.0,3339841.0,43,90035.0,3812107.0,5,0.015004960317460236,0.14140373748331125
Pharmacist Clinical Staff/UKHC,159,132239.0,21499443.0,165,134223.0,22401635.0,6,0.015003138257246418,0.041963505752218744
Navigator/UKHC,21,56758.0,1198312.0,22,57609.5,1268499.0,1,0.015002290426019194,0.058571557323969126
Finance Senior Specialist/UKHC,27,120659.0,3265479.0,35,122469.0,4215111.0,8,0.015000953099230108,0.29080940345964557
Social Worker Senior/UKHC,54,73463.0,3756766.0,61,74565.0,4252078.0,7,0.015000748676204267,0.13184531589138104
Research Faculty,97,100000.0,10060145.17,95,101500.0,9871244.0,-2,0.014999999999999902,-0.01877718132371642
Administrative Staff Officer II/UKHC,20,70767.0,1451866.0,22,71828.5,1622408.0,2,0.014999929345598906,0.11746400838644888
Nurse Clinical/UKHC,1847,59867.0,115949381.0,1909,60765.0,118456549.0,62,0.014999916481533981,0.021622952864233103
Pharmacy Compliance Coordinator/UKHC,23,68207.0,1527588.0,23,69230.0,1538021.0,0,0.014998460568563354,0.006829721102810549
Patient Services Coordinator/UKHC,268,44408.0,12089878.0,268,45074.0,12230568.0,0,0.014997297784183017,0.011637007420587597
Nurse Navigator/UKHC,54,84887.0,4447436.0,60,86160.0,4957214.0,6,0.014996406988113664,0.11462289732780873
Nurse Manager/Ambulatory/UKHC,24,94162.0,2262406.0,24,95574.0,2280869.0,0,0.014995433402009262,0.008160781044604715
Social Worker Principal/UKHC,22,83768.0,1811154.0,31,85024.0,2585924.0,9,0.014993792378951376,0.4277769863854757
Respiratory Therapist Senior/UKHC,154,69957.0,10773492.0,151,71005.0,10558685.0,-3,0.014980630959017693,-0.019938474916025406
Coder Senior/UKHC,62,54901.5,3400088.0,51,55723.0,2825202.0,-11,0.014963161297960825,-0.16907974146551497
Dietitian Registered Senior/UKHC,33,64272.0,2094883.0,35,65229.0,2310643.0,2,0.014889843166542294,0.10299381874787272
Grounds Worker,46,37315.0,1720663.0,46,37866.5,1740627.0,0,0.01477957925767126,0.011602504383484646
Administrative Support Associate I/UKHC,69,46571.0,3245449.0,67,47249.0,3171756.0,-2,0.014558416181744027,-0.02270656540897731
Physical Therapist/Shift-Based/UKHC,43,87620.0,3983110.0,49,88888.0,4562654.0,6,0.01447158183063224,0.14550037533485138
Extension Assistant,129,36524.0,4609261.0,141,37050.0,5093961.0,12,0.014401489431606684,0.10515785502274655
Early Care and Education Coach,58,55078.5,3204943.0,58,55869.0,3245286.0,0,0.014352242708134844,0.012587743370162885
Computer Support Specialist II,28,52832.0,1456771.0,29,53581.0,1523872.0,1,0.014177013930950944,0.04606146058646132
Clinical Research Nurse II,20,84906.0,1642040.0,21,86070.0,1728576.0,1,0.01370927849621939,0.052700299627292946
Facilities Maintenance Supervisor,27,71427.0,1930344.0,27,72405.0,1962585.0,0,0.013692301230627146,0.016702204373935325
Lecturer,271,71900.25,21006734.99,296,72872.25,23161797.34,25,0.013518729072569347,0.10258911492080491
Research Analyst,91,47320.0,4299395.0,86,47946.5,4103775.0,-5,0.013239644970414188,-0.04549942491908743
Administrative Services Assistant,95,51979.0,4965881.0,86,52666.0,4521593.0,-9,0.01321687604609556,-0.0894681125061193
Laboratory Technical Specialist/UKHC,31,91000.0,2781200.0,38,92196.0,3365451.0,7,0.013142857142857123,0.2100715518481231
Physical Therapist/Exempt/UKHC,46,96744.0,4327286.0,46,97981.5,4377648.0,0,0.012791490945174955,0.011638241613796785
Nurse Case Manager/UKHC,45,90895.0,4058331.0,47,92000.0,4287660.0,2,0.012156884317069183,0.05650820497391651
Master Electrician,22,66934.0,1447284.0,22,67745.5,1457561.0,0,0.01212388322825464,0.007100886902639658
Scientist II,60,66478.5,3980244.0,55,67266.0,3657203.0,-5,0.011845935151966414,-0.08116110469609406
IS Technical Support Specialist III,45,57984.0,2652988.0,41,58656.0,2433681.0,-4,0.011589403973509826,-0.08266415076133027
Program Coordinator I,22,50159.0,1065807.0,20,50710.5,991884.0,-2,0.01099503578619987,-0.06935871128637738
Custodial Worker,139,35110.0,4862790.0,143,35485.0,5048369.0,4,0.010680717744232515,0.03816307099422356
APP Nurse Anesthetist/UKHC,76,254987.0,18779789.0,65,257546.0,16315533.0,-11,0.010035805746959614,-0.13121851369043602
Targeted Assessment Specialist,48,58192.5,2835881.0,43,58763.0,2584247.0,-5,0.009803668857670589,-0.08873221408091525
Practice Manager III/UKHC,29,92022.0,2649244.0,32,92911.5,2945939.0,3,0.009666166786203245,0.11199232686758931
Extension Custodian,37,35100.0,1203563.0,37,35432.0,1204233.0,0,0.00945868945868944,0.0005566804562786576
Medical Laboratory Scientist/Cert/UKHC,50,63835.0,3196147.0,56,64370.0,3584198.0,6,0.008380982219785338,0.12141212528710343
Patient Relations Associate/UKHC,64,48693.0,3071513.0,76,49078.0,3634989.0,12,0.007906680631712959,0.18345225952161037
Scientist I,54,55942.5,3071324.0,58,56362.0,3354528.0,4,0.007498771059570197,0.09220909288632528
Staff Support Associate I/UKHC,56,37258.0,2069794.0,53,37523.0,1987608.0,-3,0.0071125664286864065,-0.039707333193544914
Amb/Retail Pharmacist Clinical Staf/UKHC,84,143256.0,11894208.0,99,144222.0,13951677.0,15,0.006743173060814289,0.17298074827680843
Extension Staff Assistant,196,37079.5,7308623.0,196,37323.5,7366558.0,0,0.00658045550776043,0.007926937810309731
Utilization Management Reviewer/UKHC,21,86623.0,1770322.0,20,87134.5,1718973.0,-1,0.00590489823718876,-0.02900545776418073
Academic Advisor II,64,57668.0,3633631.0,70,57990.0,4022227.0,6,0.0055836859263369565,0.10694426594224904
Administrative Support Associate II,46,54756.0,2554368.0,51,55037.0,2839023.0,5,0.005131857695960251,0.11143852412808175
Patient Care Manager/UKHC,51,116887.0,5714557.0,54,117468.5,6134959.0,3,0.004974890278645283,0.07356685741344426
Regular Faculty,1344,126376.125,199346236.99,1360,126875.0,202660452.13,16,0.003947541515456399,0.016625421126791773
Research Analyst Principal,26,56601.5,1463128.0,31,56823.0,1743361.0,5,0.003913323851841399,0.19153006435527176
Clinical Research Coordinator II,33,61651.0,2023987.0,30,61796.5,1847291.0,-3,0.002360059042026963,-0.08730095598440113
Administrative Coordinator II/UKHC,48,56332.0,2716510.0,45,56454.0,2576074.0,-3,0.002165731733295484,-0.05169721444058739
Nurse Clinical/Ambulatory/UKHC,207,76565.0,15945586.0,201,76669.0,15478446.0,-6,0.0013583229935349994,-0.029295881631443366
LPN/Hospital/UKHC,34,38675.5,1348128.0,26,38694.0,1033838.0,-8,0.00047833900014215835,-0.23313068195304898
Administrative Support Associate I,168,45656.0,7624634.0,159,45677.0,7240167.0,-9,0.00045996145084981066,-0.05042432200680058
Administrative Staff Officer II,56,70635.0,4022627.0,57,70650.0,4064297.0,1,0.00021235931195584534,0.010358902279530291
Radiology CT Tech/UKHC,36,69938.0,2545872.0,40,69947.0,2816014.0,4,0.00012868540707478004,0.10610981227650096
Agriculture Extension Agent County,384,60524.0,23369131.0,392,60527.5,23963726.0,8,5.782829951761492e-05,0.02544360763778508
Nursing Care Tech/PRN Pool/On-Call/UKHC,116,6739.0,803960.0,87,6739.0,600162.0,-29,0.0,-0.25349271108015325
Temporary Service/Maintenance,311,5850.0,1888817.0,351,5850.0,2116139.0,40,0.0,0.12035152161379314
Temporary Professional/BiWeekly Admin,183,1560.0,331755.0,133,1560.0,262499.0,-50,0.0,-0.20875646184684482
Temporary Office and Clerical,25,6240.0,238045.0,20,6240.0,183872.0,-5,0.0,-0.22757461824444958
Temporary Faculty,31,57600.0,1794052.0,28,57600.0,1736294.0,-3,0.0,-0.032194161596207915
Surgical Tech/PRN Pool/On-Call/UKHC,24,11690.0,283364.0,43,11690.0,510852.0,19,0.0,0.802811930943945
Nursing Care Tech/On-Call/UKHC,210,6739.0,1444238.0,190,6739.0,1293258.0,-20,0.0,-0.10453955649969049
Part Time Faculty,435,14400.0,9318314.0,505,14400.0,10545884.0,70,0.0,0.13173735076967796
APP Neonatal ICU/UKHC,26,143407.0,3573689.0,28,143407.0,3869548.0,2,0.0,0.08278812174198702
Pharmacy Tech/On-Call/UKHC,34,6739.0,235066.0,53,6739.0,362558.0,19,0.0,0.542366824636485
Laboratory Technician,53,37440.0,1968011.0,43,37440.0,1631268.0,-10,0.0,-0.17110829156950846
Nurse Clinical/PRN Pool/On-Call/UKHC,344,14456.0,4998219.0,569,14448.0,8236611.0,225,-0.0005534034311012181,0.6479091852517866
Research Project Manager,34,72520.0,2542305.0,29,72450.0,2135503.0,-5,-0.0009652509652510188,-0.16001305901534235
Scientist III,55,78003.0,4264827.0,55,77851.0,4310599.0,0,-0.001948643000910244,0.01073244002628937
Administrative Services Asst Senior,54,57980.0,3138560.0,51,57845.0,2968994.0,-3,-0.002328389099689576,-0.054026687398042395
Data Management Specialist,22,66867.5,1446328.0,22,66653.5,1485727.0,0,-0.003200358918757251,0.027240708884844977
GME Program Coordinator/UKHC,26,50159.0,1303206.0,22,49993.0,1107203.0,-4,-0.003309475866743794,-0.15040062737587145
Agriculture Extension Associate,20,48058.0,972478.0,20,47892.0,975374.0,0,-0.0034541595572017414,0.0029779593985672648
Contact Center Representative/UKHC,25,46571.0,1158352.0,27,46384.0,1259462.0,2,-0.004015374374610858,0.08728780198074504
Behavioral Health Counselor/UKHC,22,83522.5,1733474.0,25,83141.0,1946483.0,3,-0.004567631476548262,0.12287983552104031
Maintenance Technician II,63,43909.0,2777503.0,67,43555.0,2982701.0,4,-0.008062128493019682,0.07387858806993197
Extension Faculty,63,124771.0,8195079.0,59,123742.0,7478748.5,-4,-0.008247108703144157,-0.08740983460928198
Pharmacy Senior Technician I/UKHC,201,45469.0,9210163.0,218,45084.0,9951154.0,17,-0.008467307396248014,0.08045362497927555
Operating Room Assistant/UKHC,26,34341.0,907613.0,22,34050.0,751423.0,-4,-0.008473835939547425,-0.17208876470478052
Insurance Authorization Specialist/UKHC,64,48422.0,3034256.0,65,48006.0,3126747.0,1,-0.008591136260377552,0.030482266493005117
Medical Assistant/Ambulatory/UKHC,307,43347.0,13288356.0,328,42869.0,14262501.0,21,-0.011027291392714633,0.07330816543446006
Field Service Analyst I/UKHC,23,55031.0,1323751.0,24,54420.0,1375677.0,1,-0.011102832948701624,0.039226410404977985
Pharmacist Staff/On-Call/UKHC,39,24773.0,970934.0,38,24438.0,930657.0,-1,-0.013522786905098338,-0.041482737240636336
Nurse Clinical/On-Call/UKHC,165,14668.0,2695781.0,130,14452.0,1887231.0,-35,-0.01472593400599942,-0.29993163391239863
Paramedic/UKHC,37,58144.0,2095526.0,39,57246.0,2192120.0,2,-0.01544441386901485,0.04609534789833192
IS Technical Support Specialist IV,33,68502.0,2277927.0,34,67439.5,2349901.0,1,-0.015510496043911082,0.03159627152230948
Staff Support Associate II,64,40560.0,2585987.0,53,39839.0,2167098.0,-11,-0.017776134122287957,-0.1619841863087479
Agriculture Extension Specialist,26,70560.0,1818511.0,20,69130.0,1394833.0,-6,-0.020266439909297107,-0.23298071884085392
Coder Associate/UKHC,32,46373.5,1450071.0,32,45198.5,1465818.0,0,-0.02533774677348055,0.010859468260519645
Materials Management Technician/UKHC,98,43385.5,4106157.0,101,42237.0,4246858.0,3,-0.026471977964988347,0.03426585978081209
Research Associate Senior,27,71669.0,1975473.0,32,69699.5,2305397.0,5,-0.02748050063486307,0.16701012871347776
Police Officer,26,73913.0,1929763.0,29,71843.0,2137739.0,3,-0.02800589882699933,0.10777281977113251
Special Faculty,290,133789.5,56078296.75,287,130000.0,56174553.99,-3,-0.02832434533352768,0.0017164793793420507
Administrative Services Asst/UKHC,112,52270.0,5711209.0,108,50575.5,5517457.0,-4,-0.03241821312416304,-0.033924865995973885
Pharmacist Intern Senior/On-Call/UKHC,145,7966.0,1150120.0,131,7696.0,1035632.0,-14,-0.033894049711272856,-0.09954439536743986
Nursing Care Technician/UKHC,376,36186.0,13777753.0,412,34906.5,14835883.0,36,-0.035358978610512404,0.07679989618045835
Radiology Technologist/UKHC,76,67457.5,4927396.0,81,64996.0,5257796.0,5,-0.036489641626209046,0.06705367297452858
Part Time Technical/Paraprofessional,95,5021.0,869288.0,80,4836.0,727510.0,-15,-0.0368452499502091,-0.16309669522643822
Pharmacy Sr Tech I/Inpt/On-Call/UKHC,28,8279.5,243268.0,29,7966.0,246831.0,1,-0.037864605350564684,0.014646398211026534
Speech Language Pathologist/UKHC,25,78695.0,1991490.0,27,75175.0,2127482.0,2,-0.04472965245568339,0.06828655930986338
Athletic Trainer Outreach/UKHC,32,55849.5,1821660.0,34,53002.5,1877721.0,2,-0.05097628447882252,0.03077467804090772
Social Worker Senior/Inpatient/UKHC,61,64563.0,3976927.0,65,61173.0,4119819.0,4,-0.052506853770735606,0.03593025469162492
EHR Analyst Senior/UKHC,77,110085.0,7745158.0,82,103505.0,8278719.0,5,-0.05977199436798841,0.06888962110262953
Anesthesia Technician/UKHC,23,40373.0,957614.0,24,37131.0,967181.0,1,-0.08030119139028558,0.009990455444469193
Temporary Technical/Paraprofessional,604,13000.0,11984648.0,557,11835.0,11076488.0,-47,-0.08961538461538465,-0.07577694397031931
Central Sterile Tech/Cert/UKHC,44,45094.0,1924482.0,44,40851.0,1892183.0,0,-0.09409234044440506,-0.01678321750995848
