department,headcount,median,p10,p90,ratio_p90_p10
Neurosurgery,37,82400.0,53512.0,952997.0,17.809033487815817
Orthopaedic Surgery,48,488016.5,63450.600000000006,836956.2000000003,13.190674319864591
Mens Sports,66,116000.0,41157.0,500000.0,12.148601695944796
Ophthalmology & Visual Science,37,179506.0,67885.0,539100.2,7.94137438314797
Internal Medicine & Divisions - Cardiolo,55,350000.0,56947.600000000006,450000.0,7.902001137888163
EVPHA Administration,68,107795.5,57496.3,442410.6000000002,7.694592521605741
UK Healthcare CNO,35,78062.0,42806.0,289159.0,6.755104424613372
Womens Sports,55,95000.0,42040.0,246000.0,5.851569933396765
Pharmaceutical Sciences,60,68220.0,36296.0,205951.7,5.674225810006613
Behavioral Science,57,119600.0,47174.4,240363.6,5.095212657712658
Athletics - Administrative Support,44,67377.5,42515.0,212322.7,4.994065623897448
Neurology,77,225000.0,61428.0,304000.00000000006,4.94888324542554
Veterinary Science,45,67002.0,38466.0,189133.2,4.916892840430511
Physiology,52,68496.5,39728.0,188869.5,4.754065142972211
Family and Community Medicine,42,191583.5,55111.5,261414.7,4.743378423740961
AMB-UHS CLINICS,64,62148.5,40206.0,177606.0,4.4174003880017905
Molecular and Cellular Biochemistry,48,80230.5,43823.8,190933.50000000003,4.356844910756256
Spinal Cord & Brain Injury Res,56,58167.5,36400.0,157450.0,4.325549450549451
"Microbiology, Immunology & Molecular Gen",59,61800.0,36732.8,158447.20000000004,4.313507274152801
Funds Flow Anesthesiology,120,254987.0,61578.4,254987.0,4.140851337481974
Command Center,37,76107.0,35922.0,145998.0,4.064305996325372
Division of OMFS,34,53716.0,38688.0,157103.0,4.060768196856906
Psychiatry,40,200000.0,80860.8,313380.0,3.8755490917725273
Dept of Pharmacology & Nutritional Scien,52,82501.5,55000.0,206655.3,3.7573690909090907
Forestry and Natural Resources,66,54510.5,29620.5,110691.5,3.736989584915852
Pediatrics - Neonatology,36,261840.0,85900.0,320750.0,3.7339930151338767
Toxicology and Cancer Biology,49,82855.0,48721.8,180200.00000000003,3.6985497251743578
College of Health Sciences,38,67109.0,46190.7,169112.2000000003,3.66117421905276
Retail Pharmacy Services,378,83369.0,43930.0,160618.0,3.6562258137946735
Dept of Epidemiology & Environ Health,34,110345.5,50091.6,180121.19999999998,3.5958364276645183
Entomology,60,51480.0,34246.4,120925.5,3.531042678938516
Pharmacy Practice & Science,46,135575.0,56442.0,199192.0,3.5291449629708374
Funds Flow Neurosurgery,34,68988.5,43057.8,151484.0,3.518154666518029
Cardiovascular Research Center,30,70603.5,46550.6,159807.80000000005,3.432991196676306
Dept Of Biostatistics,31,125145.0,65331.0,217318.0,3.3264147188930218
Veterinary Diagnostic Laboratory,63,48963.0,39170.4,128994.6,3.293165247227498
Radiation Medicine Services,34,86777.5,43367.8,141146.0,3.254626704605721
Animal and Food Sciences,78,66791.5,41589.6,135257.09999999998,3.252185642564487
ITS Networking & Infrastructure,72,61753.0,34840.0,112164.4,3.2194144661308837
Chemical & Materials Engineering,36,104470.5,56492.0,180811.875,3.200663368264533
Pharmacy,36,132233.5,49868.0,158976.0,3.1879361514398012
Athletics - Support Services,75,65000.0,41845.4,132048.80000000008,3.1556347890090684
Plant and Soil Sciences,102,56482.0,42931.2,134513.5,3.1332341048002386
Plant Pathology,36,58918.5,45395.5,142220.0,3.132909649634876
KY Geological Survey,51,62198.0,37294.0,116623.0,3.127125006703491
Sanders-Brown Ctr On Aging,98,64806.5,43147.3,133874.99999999997,3.1027433929817154
"Early Childhood, Spec Ed & Counselor Ed",38,82601.5,43160.0,132438.67500000005,3.0685513206672854
Civil Engineering,30,102790.5,57525.1,176012.625,3.0597534815237175
Office Of Philanthropy,99,74773.0,47840.0,146121.20000000007,3.054372909698998
KCH-Administration,38,65241.0,41288.0,124915.0,3.025455338112769
Agr Economics,47,93402.0,50223.6,151592.4,3.018349939072468
Chemistry,47,90951.0,48056.2,144291.0,3.0025470178665814
Ctr For Applied Energy Res,57,75174.0,48110.6,142396.8,2.9597801731842877
Pharmacy Services,309,132246.0,54371.0,160174.0,2.945945448860606
Imaging Services,94,49587.0,37394.5,107731.6,2.880947732955381
Horticulture,50,55253.0,40435.6,116482.90000000001,2.880701658934207
AMB-CARDINAL HILL,46,56773.5,37627.0,107334.0,2.852579264889574
Kentucky Transportation Center,53,92000.0,52015.6,148000.0,2.845300256077023
Funds Flow Orthopaedic Surgery,65,59323.0,47188.2,133614.4,2.8315214396819544
Psychology,43,103095.75,56507.9,159930.45,2.8302317021159875
Cancer Center-Core Support,168,70113.0,49820.1,139618.90000000002,2.802461255597641
Nursing Instruction,106,96270.83499999999,56399.0,154934.0,2.747105445132006
Electrical and Computer Engineering,38,106152.75,61313.9,168359.17500000005,2.745856567597234
Human Resources Administration,40,74297.0,44605.6,122000.0,2.73508259052675
Rural Kentucky Health Care,61,48110.0,33155.0,89254.0,2.6920223194088373
Biosystems & Agr Engineering,32,83809.0,58481.9,157422.52500000005,2.6918161858626353
Funds Flow Neurology,31,97583.0,49483.0,131828.0,2.6641068649839337
IM-CARDIOLOGY,33,117930.0,53281.6,141201.2,2.650093090297589
Mechanical Engineering,55,90957.0,52399.200000000004,136486.65,2.60474682819585
Funds Flow Fam & Comm Med,31,115000.0,49587.0,129000.0,2.60148829330268
Health System Administration,80,86004.0,60229.8,156629.20000000004,2.600526649598704
Division of Comprehensive Care,30,51667.0,45747.7,118805.8,2.596978645920997
Chief Medical Office,75,54912.0,41330.0,107329.20000000007,2.5968836196467473
Peds Cardiology Clinic,32,72654.0,39364.0,102102.00000000001,2.5937912813738446
Library Administration,123,64139.0,37639.4,96070.8,2.5523998788503537
College of Business and Economics,30,60067.5,42069.7,106778.70000000001,2.5381378997235546
EVPHA Information Technology,528,89061.0,52374.0,132861.4,2.536781609195402
UK Police,193,49275.0,36400.0,92281.40000000004,2.5352032967032976
Cardiovascular,69,55702.0,40090.0,101059.20000000001,2.5208081815914194
Perioperative Services,261,59467.0,38230.0,95514.0,2.498404394454617
Physics And Astronomy,45,94163.25,56079.9,140075.55000000002,2.497785302755533
AMB-BARNSTABLE BROWN DIABETES CENTER,41,54246.0,39499.0,97850.0,2.4772779057697663
Residence Life,46,43888.0,26413.56,65134.5,2.4659493078555106
Biology,56,85758.0,54455.0,133128.0,2.4447341841887797
Interventional Radiology,43,85778.0,42353.200000000004,101915.8,2.4063305724242796
Office Of Medical Education,30,59685.5,52075.1,125124.40000000001,2.402768309614384
Cancer Clinic Services,230,54891.5,38598.200000000004,91339.2,2.366410868900622
Transplant,65,74552.0,44304.0,103126.0,2.3276905019862766
Gill Heart Institute,67,80267.0,44283.0,102958.0,2.3250005645507303
Performance Services,47,92443.0,64935.8,150798.0,2.3222629119838363
Office of Patient Experience,67,48214.0,33280.0,76801.2,2.3077283653846155
English,33,104867.25,62400.0,143825.4,2.304894230769231
Ambulatory Medicine,49,48589.0,38771.200000000004,88473.2,2.2819309177946514
Funds Flow Emergency Medicine,38,109262.0,59930.9,135888.70000000004,2.2674229821344256
Diagnostic Services,40,69004.0,42340.7,95514.0,2.255843668149086
KCES Region Central Area 07,38,46294.0,36233.3,81671.5,2.2540453119092105
AMB-SURGERY/CARDIOTHORACIC,67,49442.0,39274.8,88275.0,2.2476244309328117
Center for Advanced Surgery,79,64314.0,41167.4,92035.6,2.235642765877855
Laboratory Services,267,65021.0,43555.2,96338.40000000001,2.2118690764822575
Regulatory Services,52,51935.0,36005.3,79103.2,2.196987665704771
Pain Care Services,31,53726.0,40206.0,88275.0,2.195567825697657
KCES Region East Area 03,42,39283.0,31307.7,68736.59999999999,2.1955173966787718
IM-INFECTIOUS DISEASE,68,73463.0,52192.1,113737.00000000003,2.179199534029097
College of Social Work,138,68110.0,40989.0,89226.975,2.176851716314133
Laboratory Animal Resources,48,46935.5,36754.0,79562.20000000003,2.1647222071067103
Physician Based Clinics,315,48048.0,37727.0,81619.0,2.1634108198372517
Family and Consumer Sciences,102,47767.0,35349.600000000006,76146.7,2.1541035825016404
College of Arts & Sciences,59,59342.0,49158.6,105619.8,2.1485518301985818
KCES Region Central Area 06,31,43450.0,36446.0,78225.0,2.14632607144817
KCES Region West Area 06,30,43598.5,35070.8,74821.00000000001,2.13342723861446
Funds Flow Psychiatry,49,106529.0,65860.4,139517.8,2.1183867695914387
Kentucky Neuroscience Institute,59,48422.0,38762.8,81820.6,2.1108021092387546
Mathematics,46,92716.875,61890.0,129925.5,2.0992971400872515
KCES Region Central Area 03,33,43000.0,36176.4,75367.0,2.0833195121681536
UKHC CONTROLLER,57,60394.0,52380.0,108937.39999999998,2.079751813669339
Emergency Medicine,44,280000.0,160999.8,333300.00000000006,2.070188907066966
Innovation and Population Health Center,37,73198.0,52000.0,107581.0,2.0688653846153846
EVPHA Finance,50,120894.5,88634.5,182959.7,2.064204119163531
Pediatrics Clinic,173,64563.0,43251.4,88857.40000000001,2.054439856282109
KCES Region Central Area 08,47,42003.0,37218.0,76304.0,2.0501907679080014
Materials/Purchasing Services,47,59363.0,46933.2,95367.59999999998,2.0319858863235405
Computer Science,35,120468.75,71999.6,145358.1,2.0188737159650887
Kentucky Community Cancer Prog,61,72185.0,50814.0,102340.0,2.014011886487976
"Writing, Rhetoric and Digital Studies",34,64230.75,57600.0,115338.97499999999,2.0024127604166666
KCES Region Central Area 05,36,43650.0,36270.5,72607.0,2.0018196606057264
AMB-Internal Medicine,64,48568.0,38854.4,77721.1,2.000316566463515
Transportation Services,77,38189.0,34028.0,67163.60000000002,1.9737745386152585
Utilities & Energy Management,106,52946.5,44137.5,86747.5,1.9653922401585953
Revenue Managemnt-Coding & Documentation,222,67797.5,48174.9,93421.9,1.9392235375683187
Sponsored Projects Administration,46,74546.5,56232.5,108897.5,1.936558040279198
Medical Group-NFV,36,53726.0,43784.0,84577.0,1.9316873743833365
AMB-FAMILY & COMMUNITY MEDICINE,48,48568.0,39320.6,75449.8,1.918836436880414
Kinesiology - Health Promotion,38,84290.25,55219.7,105780.22500000003,1.9156247679723004
KCES Region Central Area 01,34,46158.0,35199.6,66960.8,1.9023170717849067
"Modern & Classical Lang, Lit & Cultures",42,82050.75,60296.25,114134.1,1.89288886124759
KY Injury Prev & Research Ctr,31,65966.0,43888.0,82746.0,1.8853900838497994
ITS Enterprise Applications,33,92465.0,70171.2,131133.4,1.8687638233349295
Undergraduate Admissions,41,51728.0,42536.0,78351.0,1.841992665036675
Collaborative Grant Services,91,65643.0,52000.0,95711.0,1.840596153846154
KCES Region East Area 06,35,43000.0,33474.0,61417.600000000006,1.8347852064288703
Center On Drug & Alcohol Resea,93,58760.0,40718.0,72088.0,1.7704209440542267
MCC - Clinical Research Org,70,63752.0,52634.6,92904.3,1.7650803843859364
ITS Enterprise Systems,32,101258.5,72708.9,128293.1,1.7644758757181036
ESH Psychosocial Services,33,73463.0,57658.0,101334.0,1.7575011273370564
KCES Region Central Area 04,32,43900.0,39017.6,67998.8,1.74277249241368
B&E Undergraduate Center,33,59237.0,44974.0,77627.2,1.7260461600035575
Medical Center Physical Plant,141,51064.0,42536.0,73029.0,1.7168751175474892
Marketing & Brand Strategy,35,63017.0,52769.6,89682.40000000001,1.6995088081016345
Pathology,34,232291.5,167625.0,284121.1,1.694980462341536
ITS Customer Spt & Student Enablement,33,51043.0,42087.0,71119.6,1.6898234609261769
Campus Maintenance Central,128,52281.0,42744.0,72109.5,1.6870087029758563
Patient Accounts,205,49258.0,43805.0,72982.79999999999,1.666083780390366
College of Public Health,37,75000.0,53474.6,88865.59999999999,1.661828232469247
Interdisciplinary Human Develo,263,60455.0,50851.6,83542.8,1.642874560485806
CLINICAL NUTRITION SERVICES,36,67267.0,45822.5,75088.0,1.6386709585902122
Continuum of Care,88,82405.0,59966.0,95880.0,1.5989060467598306
School of Art and Visual Studies,39,67029.75,53700.0,84583.95,1.5751201117318436
PEDS-NEONATOLOGY,31,143407.0,112938.0,176011.0,1.5584745612637023
Therapeutic Services,131,87620.0,69098.0,107270.0,1.5524327766360821
REV CYCLE MGT-PFE,167,48984.0,42993.4,65084.60000000001,1.513827703787093
Ambulatory Patient Access Services,157,49171.0,40373.0,59775.6,1.4805835583186784
Phys Plt-Grounds Services,74,37897.5,36546.0,51958.0,1.42171509877962
Institute for Biomedical Informatics,134,76003.0,69916.3,98729.40000000001,1.4121084782804583
PHARMACY SERVICES-KIRP,80,59083.0,53409.6,75223.0,1.4084172133848596
Phys Plt-Custodial Services,169,35547.0,33072.0,46309.40000000002,1.4002600387034356
Nursing Practice and Support Services,45,97094.0,80770.6,110182.40000000001,1.3641399221994142
Radiology,61,430000.0,362136.0,490000.0,1.3530828197141405
Internal Medicine - Hospitalist,85,230000.0,195700.0,263900.00000000006,1.3484925907000513
Anesthesiology - OR,44,373000.0,310833.0,400600.00000000006,1.2887949477693812
Auxiliary Services Dining,34,37976.5,34644.2,43557.299999999996,1.2572753880880494
IM-PULMONARY,41,124060.0,112080.0,135190.0,1.206192005710207
Graduate Medical Education,999,63071.0,60779.0,71805.0,1.18141134273351
